Tema kodu,Tema,Ünite,Kelime / kalıp,Türkçe anlam,Kelime türü,Sayılabilirlik,Düzensiz çoğul,3. tekil (-s),-ing biçimi,Geçmiş biçimi,Geçmiş türü
V01,Selamlaşma ve tanışma,1,hello,merhaba,kalıp,,,,,,
V01,Selamlaşma ve tanışma,1,hi,selam,kalıp,,,,,,
V01,Selamlaşma ve tanışma,1,good morning,günaydın,kalıp,,,,,,
V01,Selamlaşma ve tanışma,1,good afternoon,iyi günler (öğleden sonra),kalıp,,,,,,
V01,Selamlaşma ve tanışma,1,good evening,iyi akşamlar,kalıp,,,,,,
V01,Selamlaşma ve tanışma,1,good night,iyi geceler,kalıp,,,,,,
V01,Selamlaşma ve tanışma,1,goodbye,hoşça kal,kalıp,,,,,,
V01,Selamlaşma ve tanışma,1,bye,"güle güle, hoşça kal",kalıp,,,,,,
V01,Selamlaşma ve tanışma,1,see you later,sonra görüşürüz,kalıp,,,,,,
V01,Selamlaşma ve tanışma,1,how are you?,nasılsın?,kalıp,,,,,,
V01,Selamlaşma ve tanışma,1,I'm fine,iyiyim,kalıp,,,,,,
V01,Selamlaşma ve tanışma,1,thank you,teşekkür ederim,kalıp,,,,,,
V01,Selamlaşma ve tanışma,1,thanks,sağ ol,kalıp,,,,,,
V01,Selamlaşma ve tanışma,1,please,lütfen,kalıp,,,,,,
V01,Selamlaşma ve tanışma,1,sorry,"özür dilerim, pardon",kalıp,,,,,,
V01,Selamlaşma ve tanışma,1,excuse me,affedersiniz,kalıp,,,,,,
V01,Selamlaşma ve tanışma,1,nice to meet you,tanıştığıma memnun oldum,kalıp,,,,,,
V01,Selamlaşma ve tanışma,1,name,"ad, isim",isim,sayılabilir,,,,,
V01,Selamlaşma ve tanışma,1,surname,soyadı,isim,sayılabilir,,,,,
V01,Selamlaşma ve tanışma,1,Mr,Bay,isim,sayılabilir,,,,,
V01,Selamlaşma ve tanışma,1,Mrs,Bayan (evli),isim,sayılabilir,,,,,
V01,Selamlaşma ve tanışma,1,Ms,Bayan,isim,sayılabilir,,,,,
V01,Selamlaşma ve tanışma,1,welcome,hoş geldiniz,kalıp,,,,,,
V01,Selamlaşma ve tanışma,1,yes,evet,zarf,,,,,,
V01,Selamlaşma ve tanışma,1,no,hayır,zarf,,,,,,
V02,"Sayılar (1–1000, sıra sayıları)",1,zero,sıfır,sayı,,,,,,
V02,"Sayılar (1–1000, sıra sayıları)",1,one,bir,sayı,,,,,,
V02,"Sayılar (1–1000, sıra sayıları)",1,two,iki,sayı,,,,,,
V02,"Sayılar (1–1000, sıra sayıları)",1,three,üç,sayı,,,,,,
V02,"Sayılar (1–1000, sıra sayıları)",1,four,dört,sayı,,,,,,
V02,"Sayılar (1–1000, sıra sayıları)",1,five,beş,sayı,,,,,,
V02,"Sayılar (1–1000, sıra sayıları)",1,six,altı,sayı,,,,,,
V02,"Sayılar (1–1000, sıra sayıları)",1,seven,yedi,sayı,,,,,,
V02,"Sayılar (1–1000, sıra sayıları)",1,eight,sekiz,sayı,,,,,,
V02,"Sayılar (1–1000, sıra sayıları)",1,nine,dokuz,sayı,,,,,,
V02,"Sayılar (1–1000, sıra sayıları)",1,ten,on,sayı,,,,,,
V02,"Sayılar (1–1000, sıra sayıları)",1,eleven,on bir,sayı,,,,,,
V02,"Sayılar (1–1000, sıra sayıları)",1,twelve,on iki,sayı,,,,,,
V02,"Sayılar (1–1000, sıra sayıları)",1,thirteen,on üç,sayı,,,,,,
V02,"Sayılar (1–1000, sıra sayıları)",1,fourteen,on dört,sayı,,,,,,
V02,"Sayılar (1–1000, sıra sayıları)",1,fifteen,on beş,sayı,,,,,,
V02,"Sayılar (1–1000, sıra sayıları)",1,sixteen,on altı,sayı,,,,,,
V02,"Sayılar (1–1000, sıra sayıları)",1,seventeen,on yedi,sayı,,,,,,
V02,"Sayılar (1–1000, sıra sayıları)",1,eighteen,on sekiz,sayı,,,,,,
V02,"Sayılar (1–1000, sıra sayıları)",1,nineteen,on dokuz,sayı,,,,,,
V02,"Sayılar (1–1000, sıra sayıları)",1,twenty,yirmi,sayı,,,,,,
V02,"Sayılar (1–1000, sıra sayıları)",2,thirty,otuz,sayı,,,,,,
V02,"Sayılar (1–1000, sıra sayıları)",2,forty,kırk,sayı,,,,,,
V02,"Sayılar (1–1000, sıra sayıları)",2,fifty,elli,sayı,,,,,,
V02,"Sayılar (1–1000, sıra sayıları)",2,sixty,altmış,sayı,,,,,,
V02,"Sayılar (1–1000, sıra sayıları)",2,seventy,yetmiş,sayı,,,,,,
V02,"Sayılar (1–1000, sıra sayıları)",2,eighty,seksen,sayı,,,,,,
V02,"Sayılar (1–1000, sıra sayıları)",2,ninety,doksan,sayı,,,,,,
V02,"Sayılar (1–1000, sıra sayıları)",2,hundred,yüz,sayı,,,,,,
V02,"Sayılar (1–1000, sıra sayıları)",11,thousand,bin,sayı,,,,,,
V02,"Sayılar (1–1000, sıra sayıları)",11,first,birinci,sayı,,,,,,
V02,"Sayılar (1–1000, sıra sayıları)",11,second,ikinci,sayı,,,,,,
V02,"Sayılar (1–1000, sıra sayıları)",11,third,üçüncü,sayı,,,,,,
V02,"Sayılar (1–1000, sıra sayıları)",11,fourth,dördüncü,sayı,,,,,,
V02,"Sayılar (1–1000, sıra sayıları)",11,fifth,beşinci,sayı,,,,,,
V02,"Sayılar (1–1000, sıra sayıları)",11,sixth,altıncı,sayı,,,,,,
V02,"Sayılar (1–1000, sıra sayıları)",11,seventh,yedinci,sayı,,,,,,
V02,"Sayılar (1–1000, sıra sayıları)",11,eighth,sekizinci,sayı,,,,,,
V02,"Sayılar (1–1000, sıra sayıları)",11,ninth,dokuzuncu,sayı,,,,,,
V02,"Sayılar (1–1000, sıra sayıları)",11,tenth,onuncu,sayı,,,,,,
V03,"Günler, aylar, mevsimler, saat",8,Monday,pazartesi,isim,sayılabilir,,,,,
V03,"Günler, aylar, mevsimler, saat",8,Tuesday,salı,isim,sayılabilir,,,,,
V03,"Günler, aylar, mevsimler, saat",8,Wednesday,çarşamba,isim,sayılabilir,,,,,
V03,"Günler, aylar, mevsimler, saat",8,Thursday,perşembe,isim,sayılabilir,,,,,
V03,"Günler, aylar, mevsimler, saat",8,Friday,cuma,isim,sayılabilir,,,,,
V03,"Günler, aylar, mevsimler, saat",8,Saturday,cumartesi,isim,sayılabilir,,,,,
V03,"Günler, aylar, mevsimler, saat",8,Sunday,pazar,isim,sayılabilir,,,,,
V03,"Günler, aylar, mevsimler, saat",8,January,ocak,isim,sayılabilir,,,,,
V03,"Günler, aylar, mevsimler, saat",8,February,şubat,isim,sayılabilir,,,,,
V03,"Günler, aylar, mevsimler, saat",8,March,mart,isim,sayılabilir,,,,,
V03,"Günler, aylar, mevsimler, saat",8,April,nisan,isim,sayılabilir,,,,,
V03,"Günler, aylar, mevsimler, saat",8,May,mayıs,isim,sayılabilir,,,,,
V03,"Günler, aylar, mevsimler, saat",8,June,haziran,isim,sayılabilir,,,,,
V03,"Günler, aylar, mevsimler, saat",8,July,temmuz,isim,sayılabilir,,,,,
V03,"Günler, aylar, mevsimler, saat",8,August,ağustos,isim,sayılabilir,,,,,
V03,"Günler, aylar, mevsimler, saat",8,September,eylül,isim,sayılabilir,,,,,
V03,"Günler, aylar, mevsimler, saat",8,October,ekim,isim,sayılabilir,,,,,
V03,"Günler, aylar, mevsimler, saat",8,November,kasım,isim,sayılabilir,,,,,
V03,"Günler, aylar, mevsimler, saat",8,December,aralık,isim,sayılabilir,,,,,
V03,"Günler, aylar, mevsimler, saat",8,spring,ilkbahar,isim,sayılabilir,,,,,
V03,"Günler, aylar, mevsimler, saat",8,summer,yaz,isim,sayılabilir,,,,,
V03,"Günler, aylar, mevsimler, saat",8,autumn (US: fall),sonbahar,isim,sayılabilir,,,,,
V03,"Günler, aylar, mevsimler, saat",8,winter,kış,isim,sayılabilir,,,,,
V03,"Günler, aylar, mevsimler, saat",8,day,gün,isim,sayılabilir,,,,,
V03,"Günler, aylar, mevsimler, saat",8,week,hafta,isim,sayılabilir,,,,,
V03,"Günler, aylar, mevsimler, saat",8,month,ay,isim,sayılabilir,,,,,
V03,"Günler, aylar, mevsimler, saat",8,year,yıl,isim,sayılabilir,,,,,
V03,"Günler, aylar, mevsimler, saat",8,today,bugün,zarf,,,,,,
V03,"Günler, aylar, mevsimler, saat",8,tomorrow,yarın,zarf,,,,,,
V03,"Günler, aylar, mevsimler, saat",8,yesterday,dün,zarf,,,,,,
V03,"Günler, aylar, mevsimler, saat",8,o'clock,saat (tam),kalıp,,,,,,
V03,"Günler, aylar, mevsimler, saat",8,half past,buçuk,kalıp,,,,,,
V03,"Günler, aylar, mevsimler, saat",8,quarter past,çeyrek geçiyor,kalıp,,,,,,
V03,"Günler, aylar, mevsimler, saat",8,quarter to,çeyrek var,kalıp,,,,,,
V03,"Günler, aylar, mevsimler, saat",8,hour,saat (süre),isim,sayılabilir,,,,,
V04,Renkler,4,colour (US: color),renk,isim,sayılabilir,,,,,
V04,Renkler,4,red,kırmızı,sıfat,,,,,,
V04,Renkler,4,blue,mavi,sıfat,,,,,,
V04,Renkler,4,green,yeşil,sıfat,,,,,,
V04,Renkler,4,yellow,sarı,sıfat,,,,,,
V04,Renkler,4,black,siyah,sıfat,,,,,,
V04,Renkler,4,white,beyaz,sıfat,,,,,,
V04,Renkler,4,brown,kahverengi,sıfat,,,,,,
V04,Renkler,4,grey (US: gray),gri,sıfat,,,,,,
V04,Renkler,4,orange,turuncu,sıfat,,,,,,
V04,Renkler,4,pink,pembe,sıfat,,,,,,
V04,Renkler,4,purple,mor,sıfat,,,,,,
V04,Renkler,4,beige,bej,sıfat,,,,,,
V04,Renkler,4,dark,koyu,sıfat,,,,,,
V04,Renkler,4,light,açık (renk),sıfat,,,,,,
V05,Aile ve insanlar,3,family,aile,isim,sayılabilir,,,,,
V05,Aile ve insanlar,3,mother,anne,isim,sayılabilir,,,,,
V05,Aile ve insanlar,3,father,baba,isim,sayılabilir,,,,,
V05,Aile ve insanlar,3,parents,"anne baba, ebeveyn",isim,sayılabilir,,,,,
V05,Aile ve insanlar,3,brother,"erkek kardeş, ağabey",isim,sayılabilir,,,,,
V05,Aile ve insanlar,3,sister,"kız kardeş, abla",isim,sayılabilir,,,,,
V05,Aile ve insanlar,3,son,oğul,isim,sayılabilir,,,,,
V05,Aile ve insanlar,3,daughter,kız evlat,isim,sayılabilir,,,,,
V05,Aile ve insanlar,3,child,çocuk (çoğ. children),isim,sayılabilir,children,,,,
V05,Aile ve insanlar,3,husband,"koca, eş",isim,sayılabilir,,,,,
V05,Aile ve insanlar,3,wife,"karı, eş",isim,sayılabilir,,,,,
V05,Aile ve insanlar,3,grandmother,"büyükanne, nine",isim,sayılabilir,,,,,
V05,Aile ve insanlar,3,grandfather,"büyükbaba, dede",isim,sayılabilir,,,,,
V05,Aile ve insanlar,3,grandparents,büyükanne ve büyükbaba,isim,sayılabilir,,,,,
V05,Aile ve insanlar,3,uncle,"amca, dayı",isim,sayılabilir,,,,,
V05,Aile ve insanlar,3,aunt,"hala, teyze",isim,sayılabilir,,,,,
V05,Aile ve insanlar,3,cousin,kuzen,isim,sayılabilir,,,,,
V05,Aile ve insanlar,3,baby,bebek,isim,sayılabilir,,,,,
V05,Aile ve insanlar,3,man,adam (çoğ. men),isim,sayılabilir,men,,,,
V05,Aile ve insanlar,3,woman,kadın (çoğ. women),isim,sayılabilir,women,,,,
V05,Aile ve insanlar,3,boy,erkek çocuk,isim,sayılabilir,,,,,
V05,Aile ve insanlar,3,girl,kız çocuk,isim,sayılabilir,,,,,
V05,Aile ve insanlar,3,friend,arkadaş,isim,sayılabilir,,,,,
V05,Aile ve insanlar,3,person,kişi (çoğ. people),isim,sayılabilir,people,,,,
V05,Aile ve insanlar,3,people,insanlar,isim,sayılabilir,,,,,
V05,Aile ve insanlar,3,partner,"eş, partner",isim,sayılabilir,,,,,
V05,Aile ve insanlar,3,married,evli,sıfat,,,,,,
V05,Aile ve insanlar,3,single,bekâr,sıfat,,,,,,
V05,Aile ve insanlar,3,boyfriend,erkek arkadaş (sevgili),isim,sayılabilir,,,,,
V05,Aile ve insanlar,3,girlfriend,kız arkadaş (sevgili),isim,sayılabilir,,,,,
V06,Vücut,7,body,vücut,isim,sayılabilir,,,,,
V06,Vücut,7,head,"baş, kafa",isim,sayılabilir,,,,,
V06,Vücut,7,hair,saç,isim,sayılabilir,,,,,
V06,Vücut,7,face,yüz,isim,sayılabilir,,,,,
V06,Vücut,7,eye,göz,isim,sayılabilir,,,,,
V06,Vücut,7,ear,kulak,isim,sayılabilir,,,,,
V06,Vücut,7,nose,burun,isim,sayılabilir,,,,,
V06,Vücut,7,mouth,ağız,isim,sayılabilir,,,,,
V06,Vücut,7,tooth,diş (çoğ. teeth),isim,sayılabilir,teeth,,,,
V06,Vücut,7,neck,boyun,isim,sayılabilir,,,,,
V06,Vücut,7,shoulder,omuz,isim,sayılabilir,,,,,
V06,Vücut,7,arm,kol,isim,sayılabilir,,,,,
V06,Vücut,7,hand,el,isim,sayılabilir,,,,,
V06,Vücut,7,finger,parmak,isim,sayılabilir,,,,,
V06,Vücut,7,back,sırt,isim,sayılabilir,,,,,
V06,Vücut,7,stomach,"mide, karın",isim,sayılabilir,,,,,
V06,Vücut,7,leg,bacak,isim,sayılabilir,,,,,
V06,Vücut,7,knee,diz,isim,sayılabilir,,,,,
V06,Vücut,7,foot,ayak (çoğ. feet),isim,sayılabilir,feet,,,,
V06,Vücut,7,toe,ayak parmağı,isim,sayılabilir,,,,,
V06,Vücut,7,heart,kalp,isim,sayılabilir,,,,,
V06,Vücut,7,skin,"cilt, deri",isim,sayılabilir,,,,,
V06,Vücut,7,lip,dudak,isim,sayılabilir,,,,,
V06,Vücut,7,chest,göğüs,isim,sayılabilir,,,,,
V06,Vücut,7,beard,sakal,isim,sayılabilir,,,,,
V07,Kıyafetler,14,clothes,giysiler,isim,sayılabilir,,,,,
V07,Kıyafetler,14,shirt,gömlek,isim,sayılabilir,,,,,
V07,Kıyafetler,14,T-shirt,tişört,isim,sayılabilir,,,,,
V07,Kıyafetler,14,trousers (US: pants),pantolon,isim,sayılabilir,,,,,
V07,Kıyafetler,14,jeans,kot pantolon,isim,sayılabilir,,,,,
V07,Kıyafetler,14,shorts,şort,isim,sayılabilir,,,,,
V07,Kıyafetler,14,skirt,etek,isim,sayılabilir,,,,,
V07,Kıyafetler,14,dress,elbise,isim,sayılabilir,,,,,
V07,Kıyafetler,14,jacket,"ceket, mont",isim,sayılabilir,,,,,
V07,Kıyafetler,14,coat,palto,isim,sayılabilir,,,,,
V07,Kıyafetler,14,sweater,kazak,isim,sayılabilir,,,,,
V07,Kıyafetler,14,suit,takım elbise,isim,sayılabilir,,,,,
V07,Kıyafetler,14,tie,kravat,isim,sayılabilir,,,,,
V07,Kıyafetler,14,shoes,ayakkabı,isim,sayılabilir,,,,,
V07,Kıyafetler,14,trainers (US: sneakers),spor ayakkabı,isim,sayılabilir,,,,,
V07,Kıyafetler,14,boots,"bot, çizme",isim,sayılabilir,,,,,
V07,Kıyafetler,14,socks,çorap,isim,sayılabilir,,,,,
V07,Kıyafetler,14,hat,şapka,isim,sayılabilir,,,,,
V07,Kıyafetler,14,cap,kep,isim,sayılabilir,,,,,
V07,Kıyafetler,14,scarf,"atkı, eşarp",isim,sayılabilir,,,,,
V07,Kıyafetler,14,gloves,eldiven,isim,sayılabilir,,,,,
V07,Kıyafetler,14,belt,kemer,isim,sayılabilir,,,,,
V07,Kıyafetler,14,bag,çanta,isim,sayılabilir,,,,,
V07,Kıyafetler,14,glasses,gözlük,isim,sayılabilir,,,,,
V07,Kıyafetler,14,watch,kol saati,isim,sayılabilir,,,,,
V07,Kıyafetler,14,pyjamas,pijama,isim,sayılabilir,,,,,
V07,Kıyafetler,14,swimsuit,mayo,isim,sayılabilir,,,,,
V07,Kıyafetler,14,umbrella,şemsiye,isim,sayılabilir,,,,,
V07,Kıyafetler,14,size,beden,isim,sayılabilir,,,,,
V07,Kıyafetler,14,wear,"giymek, takmak",fiil,,,wears,wearing,wore,düzensiz
V08,Yiyecek ve içecek,6,breakfast,kahvaltı,isim,sayılabilir,,,,,
V08,Yiyecek ve içecek,6,lunch,öğle yemeği,isim,sayılabilir,,,,,
V08,Yiyecek ve içecek,6,dinner,akşam yemeği,isim,sayılabilir,,,,,
V08,Yiyecek ve içecek,6,food,"yiyecek, yemek",isim,sayılabilir,,,,,
V08,Yiyecek ve içecek,6,water,su (sayılamaz),isim,sayılamaz,,,,,
V08,Yiyecek ve içecek,6,milk,süt (sayılamaz),isim,sayılamaz,,,,,
V08,Yiyecek ve içecek,6,tea,çay (sayılamaz),isim,sayılamaz,,,,,
V08,Yiyecek ve içecek,6,coffee,kahve (sayılamaz),isim,sayılamaz,,,,,
V08,Yiyecek ve içecek,6,juice,meyve suyu (sayılamaz),isim,sayılamaz,,,,,
V08,Yiyecek ve içecek,6,wine,şarap (sayılamaz),isim,sayılamaz,,,,,
V08,Yiyecek ve içecek,6,beer,bira (sayılamaz),isim,sayılamaz,,,,,
V08,Yiyecek ve içecek,6,bread,ekmek (sayılamaz),isim,sayılamaz,,,,,
V08,Yiyecek ve içecek,6,butter,tereyağı (sayılamaz),isim,sayılamaz,,,,,
V08,Yiyecek ve içecek,6,cheese,peynir (sayılamaz),isim,sayılamaz,,,,,
V08,Yiyecek ve içecek,6,egg,yumurta,isim,sayılabilir,,,,,
V08,Yiyecek ve içecek,6,honey,bal (sayılamaz),isim,sayılamaz,,,,,
V08,Yiyecek ve içecek,6,jam,reçel (sayılamaz),isim,sayılamaz,,,,,
V08,Yiyecek ve içecek,6,olive,zeytin,isim,sayılabilir,,,,,
V08,Yiyecek ve içecek,6,sugar,şeker (sayılamaz),isim,sayılamaz,,,,,
V08,Yiyecek ve içecek,6,salt,tuz (sayılamaz),isim,sayılamaz,,,,,
V08,Yiyecek ve içecek,6,pepper,biber,isim,sayılabilir,,,,,
V08,Yiyecek ve içecek,6,rice,"pirinç, pilav (sayılamaz)",isim,sayılamaz,,,,,
V08,Yiyecek ve içecek,6,pasta,makarna (sayılamaz),isim,sayılamaz,,,,,
V08,Yiyecek ve içecek,6,soup,çorba (sayılamaz),isim,sayılamaz,,,,,
V08,Yiyecek ve içecek,6,salad,salata,isim,sayılabilir,,,,,
V08,Yiyecek ve içecek,6,sandwich,sandviç,isim,sayılabilir,,,,,
V08,Yiyecek ve içecek,6,pizza,pizza,isim,sayılabilir,,,,,
V08,Yiyecek ve içecek,6,chicken,tavuk,isim,sayılabilir,,,,,
V08,Yiyecek ve içecek,6,meat,et (sayılamaz),isim,sayılamaz,,,,,
V08,Yiyecek ve içecek,6,fish,balık (çoğ. fish),isim,sayılabilir,fish,,,,
V08,Yiyecek ve içecek,6,potato,patates (çoğ. potatoes),isim,sayılabilir,potatoes,,,,
V08,Yiyecek ve içecek,6,tomato,domates (çoğ. tomatoes),isim,sayılabilir,tomatoes,,,,
V08,Yiyecek ve içecek,6,onion,soğan,isim,sayılabilir,,,,,
V08,Yiyecek ve içecek,6,carrot,havuç,isim,sayılabilir,,,,,
V08,Yiyecek ve içecek,6,cucumber,salatalık,isim,sayılabilir,,,,,
V08,Yiyecek ve içecek,6,beans,fasulye,isim,sayılabilir,,,,,
V08,Yiyecek ve içecek,6,fruit,meyve,isim,sayılabilir,,,,,
V08,Yiyecek ve içecek,6,vegetable,sebze,isim,sayılabilir,,,,,
V08,Yiyecek ve içecek,6,apple,elma,isim,sayılabilir,,,,,
V08,Yiyecek ve içecek,6,banana,muz,isim,sayılabilir,,,,,
V08,Yiyecek ve içecek,6,orange,portakal,isim,sayılabilir,,,,,
V08,Yiyecek ve içecek,6,grape,üzüm,isim,sayılabilir,,,,,
V08,Yiyecek ve içecek,6,lemon,limon,isim,sayılabilir,,,,,
V08,Yiyecek ve içecek,6,strawberry,çilek,isim,sayılabilir,,,,,
V08,Yiyecek ve içecek,6,watermelon,karpuz,isim,sayılabilir,,,,,
V08,Yiyecek ve içecek,6,cake,"pasta, kek",isim,sayılabilir,,,,,
V08,Yiyecek ve içecek,6,biscuit (US: cookie),bisküvi,isim,sayılabilir,,,,,
V08,Yiyecek ve içecek,6,chocolate,çikolata,isim,sayılabilir,,,,,
V08,Yiyecek ve içecek,6,ice cream,dondurma,isim,sayılabilir,,,,,
V08,Yiyecek ve içecek,6,yoghurt,yoğurt (sayılamaz),isim,sayılamaz,,,,,
V08,Yiyecek ve içecek,6,oil,yağ (sayılamaz),isim,sayılamaz,,,,,
V08,Yiyecek ve içecek,6,menu,menü,isim,sayılabilir,,,,,
V08,Yiyecek ve içecek,6,bill (US: check),hesap,isim,sayılabilir,,,,,
V08,Yiyecek ve içecek,6,glass,bardak,isim,sayılabilir,,,,,
V08,Yiyecek ve içecek,6,cup,fincan,isim,sayılabilir,,,,,
V08,Yiyecek ve içecek,6,plate,tabak,isim,sayılabilir,,,,,
V08,Yiyecek ve içecek,6,knife,bıçak (çoğ. knives),isim,sayılabilir,knives,,,,
V08,Yiyecek ve içecek,6,fork,çatal,isim,sayılabilir,,,,,
V08,Yiyecek ve içecek,6,spoon,kaşık,isim,sayılabilir,,,,,
V08,Yiyecek ve içecek,6,bottle,şişe,isim,sayılabilir,,,,,
V09,"Ev, odalar, eşyalar",5,house,ev (bina),isim,sayılabilir,,,,,
V09,"Ev, odalar, eşyalar",5,flat (US: apartment),daire,isim,sayılabilir,,,,,
V09,"Ev, odalar, eşyalar",5,room,oda,isim,sayılabilir,,,,,
V09,"Ev, odalar, eşyalar",5,living room,oturma odası,isim,sayılabilir,,,,,
V09,"Ev, odalar, eşyalar",5,bedroom,yatak odası,isim,sayılabilir,,,,,
V09,"Ev, odalar, eşyalar",5,kitchen,mutfak,isim,sayılabilir,,,,,
V09,"Ev, odalar, eşyalar",5,bathroom,banyo,isim,sayılabilir,,,,,
V09,"Ev, odalar, eşyalar",5,toilet,tuvalet,isim,sayılabilir,,,,,
V09,"Ev, odalar, eşyalar",5,garden,bahçe,isim,sayılabilir,,,,,
V09,"Ev, odalar, eşyalar",5,balcony,balkon,isim,sayılabilir,,,,,
V09,"Ev, odalar, eşyalar",5,garage,garaj,isim,sayılabilir,,,,,
V09,"Ev, odalar, eşyalar",5,door,kapı,isim,sayılabilir,,,,,
V09,"Ev, odalar, eşyalar",5,window,pencere,isim,sayılabilir,,,,,
V09,"Ev, odalar, eşyalar",5,wall,duvar,isim,sayılabilir,,,,,
V09,"Ev, odalar, eşyalar",5,floor,"zemin, kat",isim,sayılabilir,,,,,
V09,"Ev, odalar, eşyalar",5,stairs,merdiven,isim,sayılabilir,,,,,
V09,"Ev, odalar, eşyalar",5,lift (US: elevator),asansör,isim,sayılabilir,,,,,
V09,"Ev, odalar, eşyalar",5,table,masa,isim,sayılabilir,,,,,
V09,"Ev, odalar, eşyalar",5,chair,sandalye,isim,sayılabilir,,,,,
V09,"Ev, odalar, eşyalar",5,sofa,kanepe,isim,sayılabilir,,,,,
V09,"Ev, odalar, eşyalar",5,armchair,koltuk,isim,sayılabilir,,,,,
V09,"Ev, odalar, eşyalar",5,bed,yatak,isim,sayılabilir,,,,,
V09,"Ev, odalar, eşyalar",5,desk,çalışma masası,isim,sayılabilir,,,,,
V09,"Ev, odalar, eşyalar",5,wardrobe,gardırop,isim,sayılabilir,,,,,
V09,"Ev, odalar, eşyalar",5,shelf,raf (çoğ. shelves),isim,sayılabilir,shelves,,,,
V09,"Ev, odalar, eşyalar",5,lamp,lamba,isim,sayılabilir,,,,,
V09,"Ev, odalar, eşyalar",5,carpet,halı,isim,sayılabilir,,,,,
V09,"Ev, odalar, eşyalar",5,curtain,perde,isim,sayılabilir,,,,,
V09,"Ev, odalar, eşyalar",5,mirror,ayna,isim,sayılabilir,,,,,
V09,"Ev, odalar, eşyalar",5,picture,"resim, tablo",isim,sayılabilir,,,,,
V09,"Ev, odalar, eşyalar",5,TV,televizyon,isim,sayılabilir,,,,,
V09,"Ev, odalar, eşyalar",5,fridge,buzdolabı,isim,sayılabilir,,,,,
V09,"Ev, odalar, eşyalar",5,cooker,"ocak, fırın",isim,sayılabilir,,,,,
V09,"Ev, odalar, eşyalar",5,washing machine,çamaşır makinesi,isim,sayılabilir,,,,,
V09,"Ev, odalar, eşyalar",5,dishwasher,bulaşık makinesi,isim,sayılabilir,,,,,
V09,"Ev, odalar, eşyalar",5,shower,duş,isim,sayılabilir,,,,,
V09,"Ev, odalar, eşyalar",5,bath,küvet,isim,sayılabilir,,,,,
V09,"Ev, odalar, eşyalar",5,sink,lavabo,isim,sayılabilir,,,,,
V09,"Ev, odalar, eşyalar",5,towel,havlu,isim,sayılabilir,,,,,
V09,"Ev, odalar, eşyalar",5,clock,saat (duvar),isim,sayılabilir,,,,,
V09,"Ev, odalar, eşyalar",5,key,anahtar,isim,sayılabilir,,,,,
V09,"Ev, odalar, eşyalar",5,home,"ev, yuva",isim,sayılabilir,,,,,
V09,"Ev, odalar, eşyalar",5,cupboard,dolap,isim,sayılabilir,,,,,
V09,"Ev, odalar, eşyalar",5,pillow,yastık,isim,sayılabilir,,,,,
V09,"Ev, odalar, eşyalar",5,roof,çatı,isim,sayılabilir,,,,,
V10,Günlük rutin fiilleri,8,wake up,uyanmak,fiil,,,wakes up,waking up,woke up,düzensiz
V10,Günlük rutin fiilleri,8,get up,kalkmak,fiil,,,gets up,getting up,got up,düzensiz
V10,Günlük rutin fiilleri,8,have a shower,duş almak,fiil,,,has a shower,having a shower,had a shower,düzensiz
V10,Günlük rutin fiilleri,8,wash,yıkamak,fiil,,,washes,washing,washed,düzenli
V10,Günlük rutin fiilleri,8,brush (your teeth),(dişlerini) fırçalamak,fiil,,,brushes,brushing,brushed,düzenli
V10,Günlük rutin fiilleri,8,get dressed,giyinmek,fiil,,,gets dressed,getting dressed,got dressed,düzensiz
V10,Günlük rutin fiilleri,8,have breakfast,kahvaltı yapmak,fiil,,,has breakfast,having breakfast,had breakfast,düzensiz
V10,Günlük rutin fiilleri,8,go,gitmek,fiil,,,goes,going,went,düzensiz
V10,Günlük rutin fiilleri,8,start,başlamak,fiil,,,starts,starting,started,düzenli
V10,Günlük rutin fiilleri,8,finish,bitirmek,fiil,,,finishes,finishing,finished,düzenli
V10,Günlük rutin fiilleri,8,work,çalışmak,fiil,,,works,working,worked,düzenli
V10,Günlük rutin fiilleri,8,study,ders çalışmak,fiil,,,studies,studying,studied,düzenli
V10,Günlük rutin fiilleri,8,have lunch,öğle yemeği yemek,fiil,,,has lunch,having lunch,had lunch,düzensiz
V10,Günlük rutin fiilleri,8,come,gelmek,fiil,,,comes,coming,came,düzensiz
V10,Günlük rutin fiilleri,8,cook,yemek pişirmek,fiil,,,cooks,cooking,cooked,düzenli
V10,Günlük rutin fiilleri,8,eat,yemek,fiil,,,eats,eating,ate,düzensiz
V10,Günlük rutin fiilleri,8,drink,içmek,fiil,,,drinks,drinking,drank,düzensiz
V10,Günlük rutin fiilleri,8,watch,izlemek,fiil,,,watches,watching,watched,düzenli
V10,Günlük rutin fiilleri,8,read,okumak,fiil,,,reads,reading,read,düzensiz
V10,Günlük rutin fiilleri,8,relax,dinlenmek,fiil,,,relaxes,relaxing,relaxed,düzenli
V10,Günlük rutin fiilleri,8,go to bed,yatmak,fiil,,,goes to bed,going to bed,went to bed,düzensiz
V10,Günlük rutin fiilleri,8,sleep,uyumak,fiil,,,sleeps,sleeping,slept,düzensiz
V10,Günlük rutin fiilleri,8,do homework,ödev yapmak,fiil,,,does homework,doing homework,did homework,düzensiz
V10,Günlük rutin fiilleri,8,do the shopping,alışveriş yapmak,fiil,,,does the shopping,doing the shopping,did the shopping,düzensiz
V10,Günlük rutin fiilleri,8,clean,temizlemek,fiil,,,cleans,cleaning,cleaned,düzenli
V10,Günlük rutin fiilleri,8,take (the bus),(otobüse) binmek,fiil,,,takes,taking,took,düzensiz
V10,Günlük rutin fiilleri,8,leave,"ayrılmak, çıkmak",fiil,,,leaves,leaving,left,düzensiz
V10,Günlük rutin fiilleri,8,arrive,varmak,fiil,,,arrives,arriving,arrived,düzenli
V10,Günlük rutin fiilleri,8,get home,eve varmak,fiil,,,gets home,getting home,got home,düzensiz
V10,Günlük rutin fiilleri,8,have dinner,akşam yemeği yemek,fiil,,,has dinner,having dinner,had dinner,düzensiz
V11,Meslekler,9,job,"iş, meslek",isim,sayılabilir,,,,,
V11,Meslekler,9,doctor,doktor,isim,sayılabilir,,,,,
V11,Meslekler,9,nurse,hemşire,isim,sayılabilir,,,,,
V11,Meslekler,9,teacher,öğretmen,isim,sayılabilir,,,,,
V11,Meslekler,9,student,öğrenci,isim,sayılabilir,,,,,
V11,Meslekler,9,engineer,mühendis,isim,sayılabilir,,,,,
V11,Meslekler,9,lawyer,avukat,isim,sayılabilir,,,,,
V11,Meslekler,9,police officer,polis memuru,isim,sayılabilir,,,,,
V11,Meslekler,9,firefighter,itfaiyeci,isim,sayılabilir,,,,,
V11,Meslekler,9,driver,şoför,isim,sayılabilir,,,,,
V11,Meslekler,9,chef,"aşçı, şef",isim,sayılabilir,,,,,
V11,Meslekler,9,waiter,garson,isim,sayılabilir,,,,,
V11,Meslekler,9,shop assistant,tezgâhtar,isim,sayılabilir,,,,,
V11,Meslekler,9,cashier,kasiyer,isim,sayılabilir,,,,,
V11,Meslekler,9,manager,"müdür, yönetici",isim,sayılabilir,,,,,
V11,Meslekler,9,secretary,sekreter,isim,sayılabilir,,,,,
V11,Meslekler,9,farmer,çiftçi,isim,sayılabilir,,,,,
V11,Meslekler,9,pilot,pilot,isim,sayılabilir,,,,,
V11,Meslekler,9,dentist,diş hekimi,isim,sayılabilir,,,,,
V11,Meslekler,9,vet,veteriner,isim,sayılabilir,,,,,
V11,Meslekler,9,actor,oyuncu,isim,sayılabilir,,,,,
V11,Meslekler,9,singer,şarkıcı,isim,sayılabilir,,,,,
V11,Meslekler,9,photographer,fotoğrafçı,isim,sayılabilir,,,,,
V11,Meslekler,9,journalist,gazeteci,isim,sayılabilir,,,,,
V11,Meslekler,9,builder,inşaat işçisi,isim,sayılabilir,,,,,
V11,Meslekler,9,mechanic,tamirci,isim,sayılabilir,,,,,
V11,Meslekler,9,hairdresser,kuaför,isim,sayılabilir,,,,,
V11,Meslekler,9,software developer,yazılım geliştirici,isim,sayılabilir,,,,,
V11,Meslekler,9,accountant,muhasebeci,isim,sayılabilir,,,,,
V11,Meslekler,9,retired,emekli,sıfat,,,,,,
V12,Şehirde yerler,12,city,şehir,isim,sayılabilir,,,,,
V12,Şehirde yerler,12,town,kasaba,isim,sayılabilir,,,,,
V12,Şehirde yerler,12,village,köy,isim,sayılabilir,,,,,
V12,Şehirde yerler,12,street,sokak,isim,sayılabilir,,,,,
V12,Şehirde yerler,12,road,yol,isim,sayılabilir,,,,,
V12,Şehirde yerler,12,square,meydan,isim,sayılabilir,,,,,
V12,Şehirde yerler,12,park,park,isim,sayılabilir,,,,,
V12,Şehirde yerler,12,bank,banka,isim,sayılabilir,,,,,
V12,Şehirde yerler,12,post office,postane,isim,sayılabilir,,,,,
V12,Şehirde yerler,12,hospital,hastane,isim,sayılabilir,,,,,
V12,Şehirde yerler,12,pharmacy,eczane,isim,sayılabilir,,,,,
V12,Şehirde yerler,12,school,okul,isim,sayılabilir,,,,,
V12,Şehirde yerler,12,university,üniversite,isim,sayılabilir,,,,,
V12,Şehirde yerler,12,library,kütüphane,isim,sayılabilir,,,,,
V12,Şehirde yerler,12,museum,müze,isim,sayılabilir,,,,,
V12,Şehirde yerler,12,cinema,sinema,isim,sayılabilir,,,,,
V12,Şehirde yerler,12,theatre (US: theater),tiyatro,isim,sayılabilir,,,,,
V12,Şehirde yerler,12,restaurant,restoran,isim,sayılabilir,,,,,
V12,Şehirde yerler,12,café,kafe,isim,sayılabilir,,,,,
V12,Şehirde yerler,12,hotel,otel,isim,sayılabilir,,,,,
V12,Şehirde yerler,12,supermarket,süpermarket,isim,sayılabilir,,,,,
V12,Şehirde yerler,12,shop,"dükkân, mağaza",isim,sayılabilir,,,,,
V12,Şehirde yerler,12,market,pazar,isim,sayılabilir,,,,,
V12,Şehirde yerler,12,shopping centre,alışveriş merkezi,isim,sayılabilir,,,,,
V12,Şehirde yerler,12,bakery,fırın,isim,sayılabilir,,,,,
V12,Şehirde yerler,12,mosque,cami,isim,sayılabilir,,,,,
V12,Şehirde yerler,12,station,istasyon,isim,sayılabilir,,,,,
V12,Şehirde yerler,12,bus stop,otobüs durağı,isim,sayılabilir,,,,,
V12,Şehirde yerler,12,airport,havalimanı,isim,sayılabilir,,,,,
V12,Şehirde yerler,12,office,ofis,isim,sayılabilir,,,,,
V12,Şehirde yerler,12,corner,köşe,isim,sayılabilir,,,,,
V12,Şehirde yerler,12,traffic lights,trafik ışıkları,isim,sayılabilir,,,,,
V12,Şehirde yerler,12,left,sol,zarf,,,,,,
V12,Şehirde yerler,12,right,sağ,zarf,,,,,,
V12,Şehirde yerler,12,straight on,dümdüz,zarf,,,,,,
V13,Ulaşım,12,car,araba,isim,sayılabilir,,,,,
V13,Ulaşım,12,bus,otobüs,isim,sayılabilir,,,,,
V13,Ulaşım,12,train,tren,isim,sayılabilir,,,,,
V13,Ulaşım,12,metro (UK: underground),metro,isim,sayılabilir,,,,,
V13,Ulaşım,12,tram,tramvay,isim,sayılabilir,,,,,
V13,Ulaşım,12,taxi,taksi,isim,sayılabilir,,,,,
V13,Ulaşım,12,plane,uçak,isim,sayılabilir,,,,,
V13,Ulaşım,12,boat,tekne,isim,sayılabilir,,,,,
V13,Ulaşım,12,ship,gemi,isim,sayılabilir,,,,,
V13,Ulaşım,12,ferry,vapur,isim,sayılabilir,,,,,
V13,Ulaşım,12,bike,bisiklet,isim,sayılabilir,,,,,
V13,Ulaşım,12,motorbike,motosiklet,isim,sayılabilir,,,,,
V13,Ulaşım,12,ticket,bilet,isim,sayılabilir,,,,,
V13,Ulaşım,12,on foot,yürüyerek,kalıp,,,,,,
V13,Ulaşım,12,drive,(araba) sürmek,fiil,,,drives,driving,drove,düzensiz
V13,Ulaşım,12,ride,"(bisiklet, at) sürmek",fiil,,,rides,riding,rode,düzensiz
V13,Ulaşım,12,traffic,trafik,isim,sayılabilir,,,,,
V13,Ulaşım,12,passenger,yolcu,isim,sayılabilir,,,,,
V13,Ulaşım,12,journey,yolculuk,isim,sayılabilir,,,,,
V13,Ulaşım,12,map,harita,isim,sayılabilir,,,,,
V14,Hava durumu,15,weather,hava (durumu),isim,sayılabilir,,,,,
V14,Hava durumu,15,sun,güneş,isim,sayılabilir,,,,,
V14,Hava durumu,15,sunny,güneşli,sıfat,,,,,,
V14,Hava durumu,15,rain,yağmur,isim,sayılabilir,,,,,
V14,Hava durumu,15,rainy,yağmurlu,sıfat,,,,,,
V14,Hava durumu,15,snow,kar,isim,sayılabilir,,,,,
V14,Hava durumu,15,snowy,karlı,sıfat,,,,,,
V14,Hava durumu,15,cloud,bulut,isim,sayılabilir,,,,,
V14,Hava durumu,15,cloudy,bulutlu,sıfat,,,,,,
V14,Hava durumu,15,wind,rüzgâr,isim,sayılabilir,,,,,
V14,Hava durumu,15,windy,rüzgârlı,sıfat,,,,,,
V14,Hava durumu,15,hot,sıcak,sıfat,,,,,,
V14,Hava durumu,15,warm,ılık,sıfat,,,,,,
V14,Hava durumu,15,cold,soğuk,sıfat,,,,,,
V14,Hava durumu,15,cool,serin,sıfat,,,,,,
V15,Okul ve ofis eşyaları,4,pen,tükenmez kalem,isim,sayılabilir,,,,,
V15,Okul ve ofis eşyaları,4,pencil,kurşun kalem,isim,sayılabilir,,,,,
V15,Okul ve ofis eşyaları,4,book,kitap,isim,sayılabilir,,,,,
V15,Okul ve ofis eşyaları,4,notebook,defter,isim,sayılabilir,,,,,
V15,Okul ve ofis eşyaları,4,paper,kâğıt (sayılamaz),isim,sayılamaz,,,,,
V15,Okul ve ofis eşyaları,4,rubber (US: eraser),silgi,isim,sayılabilir,,,,,
V15,Okul ve ofis eşyaları,4,ruler,cetvel,isim,sayılabilir,,,,,
V15,Okul ve ofis eşyaları,4,schoolbag,okul çantası,isim,sayılabilir,,,,,
V15,Okul ve ofis eşyaları,4,dictionary,sözlük,isim,sayılabilir,,,,,
V15,Okul ve ofis eşyaları,4,computer,bilgisayar,isim,sayılabilir,,,,,
V15,Okul ve ofis eşyaları,4,laptop,dizüstü bilgisayar,isim,sayılabilir,,,,,
V15,Okul ve ofis eşyaları,4,phone,telefon,isim,sayılabilir,,,,,
V15,Okul ve ofis eşyaları,4,email,e-posta,isim,sayılabilir,,,,,
V15,Okul ve ofis eşyaları,4,printer,yazıcı,isim,sayılabilir,,,,,
V15,Okul ve ofis eşyaları,4,file,dosya,isim,sayılabilir,,,,,
V15,Okul ve ofis eşyaları,4,classroom,sınıf,isim,sayılabilir,,,,,
V15,Okul ve ofis eşyaları,4,board,tahta,isim,sayılabilir,,,,,
V15,Okul ve ofis eşyaları,4,lesson,ders,isim,sayılabilir,,,,,
V15,Okul ve ofis eşyaları,4,homework,ödev (sayılamaz),isim,sayılamaz,,,,,
V15,Okul ve ofis eşyaları,4,exam,sınav,isim,sayılabilir,,,,,
V15,Okul ve ofis eşyaları,4,question,soru,isim,sayılabilir,,,,,
V15,Okul ve ofis eşyaları,4,answer,cevap,isim,sayılabilir,,,,,
V15,Okul ve ofis eşyaları,4,word,kelime,isim,sayılabilir,,,,,
V15,Okul ve ofis eşyaları,4,page,sayfa,isim,sayılabilir,,,,,
V15,Okul ve ofis eşyaları,4,meeting,toplantı,isim,sayılabilir,,,,,
V16,"Hobiler, spor, boş zaman",10,hobby,hobi,isim,sayılabilir,,,,,
V16,"Hobiler, spor, boş zaman",10,sport,spor,isim,sayılabilir,,,,,
V16,"Hobiler, spor, boş zaman",10,football (US: soccer),futbol,isim,sayılabilir,,,,,
V16,"Hobiler, spor, boş zaman",10,basketball,basketbol,isim,sayılabilir,,,,,
V16,"Hobiler, spor, boş zaman",10,volleyball,voleybol,isim,sayılabilir,,,,,
V16,"Hobiler, spor, boş zaman",10,tennis,tenis,isim,sayılabilir,,,,,
V16,"Hobiler, spor, boş zaman",10,swimming,yüzme,isim,sayılabilir,,,,,
V16,"Hobiler, spor, boş zaman",10,running,koşu,isim,sayılabilir,,,,,
V16,"Hobiler, spor, boş zaman",10,cycling,bisiklet sürme,isim,sayılabilir,,,,,
V16,"Hobiler, spor, boş zaman",10,yoga,yoga,isim,sayılabilir,,,,,
V16,"Hobiler, spor, boş zaman",10,gym,spor salonu,isim,sayılabilir,,,,,
V16,"Hobiler, spor, boş zaman",10,music,müzik,isim,sayılabilir,,,,,
V16,"Hobiler, spor, boş zaman",10,guitar,gitar,isim,sayılabilir,,,,,
V16,"Hobiler, spor, boş zaman",10,piano,piyano,isim,sayılabilir,,,,,
V16,"Hobiler, spor, boş zaman",10,film (US: movie),film,isim,sayılabilir,,,,,
V16,"Hobiler, spor, boş zaman",10,game,oyun,isim,sayılabilir,,,,,
V16,"Hobiler, spor, boş zaman",10,video game,video oyunu,isim,sayılabilir,,,,,
V16,"Hobiler, spor, boş zaman",10,photography,fotoğrafçılık,isim,sayılabilir,,,,,
V16,"Hobiler, spor, boş zaman",10,painting,resim yapma,isim,sayılabilir,,,,,
V16,"Hobiler, spor, boş zaman",10,drawing,çizim,isim,sayılabilir,,,,,
V16,"Hobiler, spor, boş zaman",10,dancing,dans,isim,sayılabilir,,,,,
V16,"Hobiler, spor, boş zaman",10,singing,şarkı söyleme,isim,sayılabilir,,,,,
V16,"Hobiler, spor, boş zaman",10,camping,kamp,isim,sayılabilir,,,,,
V16,"Hobiler, spor, boş zaman",10,fishing,balık tutma,isim,sayılabilir,,,,,
V16,"Hobiler, spor, boş zaman",10,chess,satranç,isim,sayılabilir,,,,,
V16,"Hobiler, spor, boş zaman",10,travel,seyahat,isim,sayılabilir,,,,,
V16,"Hobiler, spor, boş zaman",10,holiday (US: vacation),tatil,isim,sayılabilir,,,,,
V16,"Hobiler, spor, boş zaman",10,beach,plaj,isim,sayılabilir,,,,,
V16,"Hobiler, spor, boş zaman",10,mountain,dağ,isim,sayılabilir,,,,,
V16,"Hobiler, spor, boş zaman",10,team,takım,isim,sayılabilir,,,,,
V16,"Hobiler, spor, boş zaman",10,match,maç,isim,sayılabilir,,,,,
V16,"Hobiler, spor, boş zaman",10,concert,konser,isim,sayılabilir,,,,,
V16,"Hobiler, spor, boş zaman",10,free time,boş zaman,isim,sayılabilir,,,,,
V16,"Hobiler, spor, boş zaman",10,weekend,hafta sonu,isim,sayılabilir,,,,,
V16,"Hobiler, spor, boş zaman",10,party,parti,isim,sayılabilir,,,,,
V17,Hayvanlar,7,animal,hayvan,isim,sayılabilir,,,,,
V17,Hayvanlar,7,dog,köpek,isim,sayılabilir,,,,,
V17,Hayvanlar,7,cat,kedi,isim,sayılabilir,,,,,
V17,Hayvanlar,7,bird,kuş,isim,sayılabilir,,,,,
V17,Hayvanlar,7,horse,at,isim,sayılabilir,,,,,
V17,Hayvanlar,7,cow,inek,isim,sayılabilir,,,,,
V17,Hayvanlar,7,sheep,koyun (çoğ. sheep),isim,sayılabilir,sheep,,,,
V17,Hayvanlar,7,goat,keçi,isim,sayılabilir,,,,,
V17,Hayvanlar,7,duck,ördek,isim,sayılabilir,,,,,
V17,Hayvanlar,7,rabbit,tavşan,isim,sayılabilir,,,,,
V17,Hayvanlar,7,mouse,fare (çoğ. mice),isim,sayılabilir,mice,,,,
V17,Hayvanlar,7,lion,aslan,isim,sayılabilir,,,,,
V17,Hayvanlar,7,tiger,kaplan,isim,sayılabilir,,,,,
V17,Hayvanlar,7,elephant,fil,isim,sayılabilir,,,,,
V17,Hayvanlar,7,monkey,maymun,isim,sayılabilir,,,,,
V17,Hayvanlar,7,bear,ayı,isim,sayılabilir,,,,,
V17,Hayvanlar,7,wolf,kurt (çoğ. wolves),isim,sayılabilir,wolves,,,,
V17,Hayvanlar,7,snake,yılan,isim,sayılabilir,,,,,
V17,Hayvanlar,7,frog,kurbağa,isim,sayılabilir,,,,,
V17,Hayvanlar,7,bee,arı,isim,sayılabilir,,,,,
V17,Hayvanlar,7,butterfly,kelebek,isim,sayılabilir,,,,,
V17,Hayvanlar,7,spider,örümcek,isim,sayılabilir,,,,,
V17,Hayvanlar,7,giraffe,zürafa,isim,sayılabilir,,,,,
V17,Hayvanlar,7,pet,evcil hayvan,isim,sayılabilir,,,,,
V17,Hayvanlar,7,camel,deve,isim,sayılabilir,,,,,
V18,Ülkeler ve milliyetler,2,Turkey (Türkiye),Türkiye,isim,sayılabilir,,,,,
V18,Ülkeler ve milliyetler,2,Turkish,"Türk, Türkçe",sıfat,,,,,,
V18,Ülkeler ve milliyetler,2,England,İngiltere,isim,sayılabilir,,,,,
V18,Ülkeler ve milliyetler,2,English,"İngiliz, İngilizce",sıfat,,,,,,
V18,Ülkeler ve milliyetler,2,the UK,Birleşik Krallık,isim,sayılabilir,,,,,
V18,Ülkeler ve milliyetler,2,British,Britanyalı,sıfat,,,,,,
V18,Ülkeler ve milliyetler,2,the USA,ABD,isim,sayılabilir,,,,,
V18,Ülkeler ve milliyetler,2,American,Amerikalı,sıfat,,,,,,
V18,Ülkeler ve milliyetler,2,Germany,Almanya,isim,sayılabilir,,,,,
V18,Ülkeler ve milliyetler,2,German,"Alman, Almanca",sıfat,,,,,,
V18,Ülkeler ve milliyetler,2,France,Fransa,isim,sayılabilir,,,,,
V18,Ülkeler ve milliyetler,2,French,"Fransız, Fransızca",sıfat,,,,,,
V18,Ülkeler ve milliyetler,2,Italy,İtalya,isim,sayılabilir,,,,,
V18,Ülkeler ve milliyetler,2,Italian,"İtalyan, İtalyanca",sıfat,,,,,,
V18,Ülkeler ve milliyetler,2,Spain,İspanya,isim,sayılabilir,,,,,
V18,Ülkeler ve milliyetler,2,Spanish,"İspanyol, İspanyolca",sıfat,,,,,,
V18,Ülkeler ve milliyetler,2,Greece,Yunanistan,isim,sayılabilir,,,,,
V18,Ülkeler ve milliyetler,2,Greek,"Yunan, Yunanca",sıfat,,,,,,
V18,Ülkeler ve milliyetler,2,Russia,Rusya,isim,sayılabilir,,,,,
V18,Ülkeler ve milliyetler,2,Russian,"Rus, Rusça",sıfat,,,,,,
V18,Ülkeler ve milliyetler,2,China,Çin,isim,sayılabilir,,,,,
V18,Ülkeler ve milliyetler,2,Chinese,"Çinli, Çince",sıfat,,,,,,
V18,Ülkeler ve milliyetler,2,Japan,Japonya,isim,sayılabilir,,,,,
V18,Ülkeler ve milliyetler,2,Japanese,"Japon, Japonca",sıfat,,,,,,
V18,Ülkeler ve milliyetler,2,Brazil,Brezilya,isim,sayılabilir,,,,,
V18,Ülkeler ve milliyetler,2,Brazilian,Brezilyalı,sıfat,,,,,,
V18,Ülkeler ve milliyetler,2,the Netherlands,Hollanda,isim,sayılabilir,,,,,
V18,Ülkeler ve milliyetler,2,Dutch,"Hollandalı, Felemenkçe",sıfat,,,,,,
V18,Ülkeler ve milliyetler,2,Egypt,Mısır,isim,sayılabilir,,,,,
V18,Ülkeler ve milliyetler,2,Egyptian,Mısırlı,sıfat,,,,,,
V19,Temel sıfatlar (zıt çiftler),16,big,büyük,sıfat,,,,,,
V19,Temel sıfatlar (zıt çiftler),16,small,küçük,sıfat,,,,,,
V19,Temel sıfatlar (zıt çiftler),16,long,uzun,sıfat,,,,,,
V19,Temel sıfatlar (zıt çiftler),16,short,kısa,sıfat,,,,,,
V19,Temel sıfatlar (zıt çiftler),16,tall,uzun boylu,sıfat,,,,,,
V19,Temel sıfatlar (zıt çiftler),16,old,"yaşlı, eski",sıfat,,,,,,
V19,Temel sıfatlar (zıt çiftler),16,young,genç,sıfat,,,,,,
V19,Temel sıfatlar (zıt çiftler),16,new,yeni,sıfat,,,,,,
V19,Temel sıfatlar (zıt çiftler),16,good,iyi,sıfat,,,,,,
V19,Temel sıfatlar (zıt çiftler),16,bad,kötü,sıfat,,,,,,
V19,Temel sıfatlar (zıt çiftler),16,fast,hızlı,sıfat,,,,,,
V19,Temel sıfatlar (zıt çiftler),16,slow,yavaş,sıfat,,,,,,
V19,Temel sıfatlar (zıt çiftler),16,easy,kolay,sıfat,,,,,,
V19,Temel sıfatlar (zıt çiftler),16,difficult,zor,sıfat,,,,,,
V19,Temel sıfatlar (zıt çiftler),16,cheap,ucuz,sıfat,,,,,,
V19,Temel sıfatlar (zıt çiftler),16,expensive,pahalı,sıfat,,,,,,
V19,Temel sıfatlar (zıt çiftler),16,clean,temiz,sıfat,,,,,,
V19,Temel sıfatlar (zıt çiftler),16,dirty,kirli,sıfat,,,,,,
V19,Temel sıfatlar (zıt çiftler),16,rich,zengin,sıfat,,,,,,
V19,Temel sıfatlar (zıt çiftler),16,poor,fakir,sıfat,,,,,,
V19,Temel sıfatlar (zıt çiftler),16,beautiful,güzel,sıfat,,,,,,
V19,Temel sıfatlar (zıt çiftler),16,ugly,çirkin,sıfat,,,,,,
V19,Temel sıfatlar (zıt çiftler),16,heavy,ağır,sıfat,,,,,,
V19,Temel sıfatlar (zıt çiftler),16,full,dolu,sıfat,,,,,,
V19,Temel sıfatlar (zıt çiftler),16,empty,boş,sıfat,,,,,,
V19,Temel sıfatlar (zıt çiftler),16,open,açık,sıfat,,,,,,
V19,Temel sıfatlar (zıt çiftler),16,closed,kapalı,sıfat,,,,,,
V19,Temel sıfatlar (zıt çiftler),16,early,erken,sıfat,,,,,,
V19,Temel sıfatlar (zıt çiftler),16,late,geç,sıfat,,,,,,
V19,Temel sıfatlar (zıt çiftler),16,right,doğru,sıfat,,,,,,
V19,Temel sıfatlar (zıt çiftler),16,wrong,yanlış,sıfat,,,,,,
V19,Temel sıfatlar (zıt çiftler),16,strong,güçlü,sıfat,,,,,,
V19,Temel sıfatlar (zıt çiftler),16,weak,"zayıf, güçsüz",sıfat,,,,,,
V19,Temel sıfatlar (zıt çiftler),16,quiet,sessiz,sıfat,,,,,,
V19,Temel sıfatlar (zıt çiftler),16,noisy,gürültülü,sıfat,,,,,,
V19,Temel sıfatlar (zıt çiftler),16,busy,"meşgul, kalabalık",sıfat,,,,,,
V19,Temel sıfatlar (zıt çiftler),16,free,"boş (vakit), ücretsiz",sıfat,,,,,,
V19,Temel sıfatlar (zıt çiftler),16,hard,"sert, zor",sıfat,,,,,,
V19,Temel sıfatlar (zıt çiftler),16,soft,yumuşak,sıfat,,,,,,
V19,Temel sıfatlar (zıt çiftler),16,near,yakın,sıfat,,,,,,
V19,Temel sıfatlar (zıt çiftler),16,far,uzak,sıfat,,,,,,
V19,Temel sıfatlar (zıt çiftler),16,high,yüksek,sıfat,,,,,,
V19,Temel sıfatlar (zıt çiftler),16,low,"alçak, düşük",sıfat,,,,,,
V19,Temel sıfatlar (zıt çiftler),16,interesting,ilginç,sıfat,,,,,,
V19,Temel sıfatlar (zıt çiftler),16,boring,sıkıcı,sıfat,,,,,,
V19,Temel sıfatlar (zıt çiftler),16,dangerous,tehlikeli,sıfat,,,,,,
V19,Temel sıfatlar (zıt çiftler),16,safe,güvenli,sıfat,,,,,,
V19,Temel sıfatlar (zıt çiftler),16,wet,ıslak,sıfat,,,,,,
V19,Temel sıfatlar (zıt çiftler),16,dry,kuru,sıfat,,,,,,
V19,Temel sıfatlar (zıt çiftler),16,different,farklı,sıfat,,,,,,
V20,Temel duygular,13,happy,mutlu,sıfat,,,,,,
V20,Temel duygular,13,sad,üzgün,sıfat,,,,,,
V20,Temel duygular,13,angry,kızgın,sıfat,,,,,,
V20,Temel duygular,13,tired,yorgun,sıfat,,,,,,
V20,Temel duygular,13,bored,sıkılmış,sıfat,,,,,,
V20,Temel duygular,13,excited,heyecanlı,sıfat,,,,,,
V20,Temel duygular,13,scared,korkmuş,sıfat,,,,,,
V20,Temel duygular,13,worried,endişeli,sıfat,,,,,,
V20,Temel duygular,13,surprised,şaşırmış,sıfat,,,,,,
V20,Temel duygular,13,nervous,gergin,sıfat,,,,,,
V20,Temel duygular,13,hungry,aç,sıfat,,,,,,
V20,Temel duygular,13,thirsty,susamış,sıfat,,,,,,
V20,Temel duygular,13,ill (US: sick),hasta,sıfat,,,,,,
V20,Temel duygular,13,fine,iyi,sıfat,,,,,,
V20,Temel duygular,13,calm,sakin,sıfat,,,,,,
V21,Alışveriş ve fiyatlar,14,shopping,alışveriş,isim,sayılabilir,,,,,
V21,Alışveriş ve fiyatlar,14,price,fiyat,isim,sayılabilir,,,,,
V21,Alışveriş ve fiyatlar,14,money,para (sayılamaz),isim,sayılamaz,,,,,
V21,Alışveriş ve fiyatlar,14,cash,nakit,isim,sayılabilir,,,,,
V21,Alışveriş ve fiyatlar,14,credit card,kredi kartı,isim,sayılabilir,,,,,
V21,Alışveriş ve fiyatlar,14,change,para üstü,isim,sayılabilir,,,,,
V21,Alışveriş ve fiyatlar,14,receipt,fiş,isim,sayılabilir,,,,,
V21,Alışveriş ve fiyatlar,14,lira,lira,isim,sayılabilir,,,,,
V21,Alışveriş ve fiyatlar,14,euro,avro,isim,sayılabilir,,,,,
V21,Alışveriş ve fiyatlar,14,dollar,dolar,isim,sayılabilir,,,,,
V21,Alışveriş ve fiyatlar,14,pound,sterlin,isim,sayılabilir,,,,,
V21,Alışveriş ve fiyatlar,14,discount,indirim,isim,sayılabilir,,,,,
V21,Alışveriş ve fiyatlar,14,sale,indirimli satış,isim,sayılabilir,,,,,
V21,Alışveriş ve fiyatlar,14,customer,müşteri,isim,sayılabilir,,,,,
V21,Alışveriş ve fiyatlar,14,buy,satın almak,fiil,,,buys,buying,bought,düzensiz
V21,Alışveriş ve fiyatlar,14,pay,ödemek,fiil,,,pays,paying,paid,düzensiz
V21,Alışveriş ve fiyatlar,14,cost,tutmak (fiyat),fiil,,,costs,costing,cost,düzensiz
V21,Alışveriş ve fiyatlar,14,try on,denemek (giysi),fiil,,,tries on,trying on,tried on,düzenli
V21,Alışveriş ve fiyatlar,14,fitting room,deneme kabini,isim,sayılabilir,,,,,
V21,Alışveriş ve fiyatlar,14,queue (US: line),"kuyruk, sıra",isim,sayılabilir,,,,,
V22,En sık kullanılan fiiller,1,be,olmak,fiil,,,is,being,was/were,düzensiz
V22,En sık kullanılan fiiller,1,say,söylemek,fiil,,,says,saying,said,düzensiz
V22,En sık kullanılan fiiller,1,spell,harf harf söylemek,fiil,,,spells,spelling,spelled,düzenli
V22,En sık kullanılan fiiller,1,repeat,tekrar etmek,fiil,,,repeats,repeating,repeated,düzenli
V22,En sık kullanılan fiiller,1,thank,teşekkür etmek,fiil,,,thanks,thanking,thanked,düzenli
V22,En sık kullanılan fiiller,2,live,yaşamak,fiil,,,lives,living,lived,düzenli
V22,En sık kullanılan fiiller,2,speak,konuşmak (dil),fiil,,,speaks,speaking,spoke,düzensiz
V22,En sık kullanılan fiiller,2,understand,anlamak,fiil,,,understands,understanding,understood,düzensiz
V22,En sık kullanılan fiiller,2,mean,anlamına gelmek,fiil,,,means,meaning,meant,düzensiz
V22,En sık kullanılan fiiller,2,know,"bilmek, tanımak",fiil,,,knows,knowing,knew,düzensiz
V22,En sık kullanılan fiiller,3,love,sevmek,fiil,,,loves,loving,loved,düzenli
V22,En sık kullanılan fiiller,3,meet,"tanışmak, buluşmak",fiil,,,meets,meeting,met,düzensiz
V22,En sık kullanılan fiiller,3,call,"aramak, çağırmak",fiil,,,calls,calling,called,düzenli
V22,En sık kullanılan fiiller,3,help,yardım etmek,fiil,,,helps,helping,helped,düzenli
V22,En sık kullanılan fiiller,3,visit,ziyaret etmek,fiil,,,visits,visiting,visited,düzenli
V22,En sık kullanılan fiiller,4,have,sahip olmak,fiil,,,has,having,had,düzensiz
V22,En sık kullanılan fiiller,4,use,kullanmak,fiil,,,uses,using,used,düzenli
V22,En sık kullanılan fiiller,4,look,bakmak,fiil,,,looks,looking,looked,düzenli
V22,En sık kullanılan fiiller,4,find,bulmak,fiil,,,finds,finding,found,düzensiz
V22,En sık kullanılan fiiller,4,show,göstermek,fiil,,,shows,showing,showed,düzenli
V22,En sık kullanılan fiiller,5,sit,oturmak,fiil,,,sits,sitting,sat,düzensiz
V22,En sık kullanılan fiiller,5,stand,ayakta durmak,fiil,,,stands,standing,stood,düzensiz
V22,En sık kullanılan fiiller,5,put,koymak,fiil,,,puts,putting,put,düzensiz
V22,En sık kullanılan fiiller,5,keep,"tutmak, saklamak",fiil,,,keeps,keeping,kept,düzensiz
V22,En sık kullanılan fiiller,5,open,açmak,fiil,,,opens,opening,opened,düzenli
V22,En sık kullanılan fiiller,6,want,istemek,fiil,,,wants,wanting,wanted,düzenli
V22,En sık kullanılan fiiller,6,order,sipariş etmek,fiil,,,orders,ordering,ordered,düzenli
V22,En sık kullanılan fiiller,6,fill,doldurmak,fiil,,,fills,filling,filled,düzenli
V22,En sık kullanılan fiiller,6,cut,kesmek,fiil,,,cuts,cutting,cut,düzensiz
V22,En sık kullanılan fiiller,6,bring,getirmek,fiil,,,brings,bringing,brought,düzensiz
V22,En sık kullanılan fiiller,6,give,vermek,fiil,,,gives,giving,gave,düzensiz
V22,En sık kullanılan fiiller,7,hold,tutmak,fiil,,,holds,holding,held,düzensiz
V22,En sık kullanılan fiiller,7,grow,"büyümek, yetiştirmek",fiil,,,grows,growing,grew,düzensiz
V22,En sık kullanılan fiiller,7,carry,taşımak,fiil,,,carries,carrying,carried,düzenli
V22,En sık kullanılan fiiller,7,feel,hissetmek,fiil,,,feels,feeling,felt,düzensiz
V22,En sık kullanılan fiiller,7,see,görmek,fiil,,,sees,seeing,saw,düzensiz
V22,En sık kullanılan fiiller,8,do,yapmak,fiil,,,does,doing,did,düzensiz
V22,En sık kullanılan fiiller,8,get,"almak, elde etmek",fiil,,,gets,getting,got,düzensiz
V22,En sık kullanılan fiiller,8,need,ihtiyaç duymak,fiil,,,needs,needing,needed,düzenli
V22,En sık kullanılan fiiller,8,think,düşünmek,fiil,,,thinks,thinking,thought,düzensiz
V22,En sık kullanılan fiiller,9,make,"yapmak, üretmek",fiil,,,makes,making,made,düzensiz
V22,En sık kullanılan fiiller,9,ask,sormak,fiil,,,asks,asking,asked,düzenli
V22,En sık kullanılan fiiller,9,tell,"anlatmak, söylemek",fiil,,,tells,telling,told,düzensiz
V22,En sık kullanılan fiiller,9,write,yazmak,fiil,,,writes,writing,wrote,düzensiz
V22,En sık kullanılan fiiller,9,send,göndermek,fiil,,,sends,sending,sent,düzensiz
V22,En sık kullanılan fiiller,9,teach,öğretmek,fiil,,,teaches,teaching,taught,düzensiz
V22,En sık kullanılan fiiller,9,learn,öğrenmek,fiil,,,learns,learning,learned/learnt,düzensiz
V22,En sık kullanılan fiiller,9,check,kontrol etmek,fiil,,,checks,checking,checked,düzenli
V22,En sık kullanılan fiiller,10,play,"oynamak, çalmak",fiil,,,plays,playing,played,düzenli
V22,En sık kullanılan fiiller,10,run,koşmak,fiil,,,runs,running,ran,düzensiz
V22,En sık kullanılan fiiller,10,swim,yüzmek,fiil,,,swims,swimming,swam,düzensiz
V22,En sık kullanılan fiiller,10,dance,dans etmek,fiil,,,dances,dancing,danced,düzenli
V22,En sık kullanılan fiiller,10,sing,şarkı söylemek,fiil,,,sings,singing,sang,düzensiz
V22,En sık kullanılan fiiller,10,draw,çizmek,fiil,,,draws,drawing,drew,düzensiz
V22,En sık kullanılan fiiller,10,enjoy,keyif almak,fiil,,,enjoys,enjoying,enjoyed,düzenli
V22,En sık kullanılan fiiller,10,win,kazanmak,fiil,,,wins,winning,won,düzensiz
V22,En sık kullanılan fiiller,11,count,saymak,fiil,,,counts,counting,counted,düzenli
V22,En sık kullanılan fiiller,11,choose,seçmek,fiil,,,chooses,choosing,chose,düzensiz
V22,En sık kullanılan fiiller,11,jump,zıplamak,fiil,,,jumps,jumping,jumped,düzenli
V22,En sık kullanılan fiiller,11,climb,tırmanmak,fiil,,,climbs,climbing,climbed,düzenli
V22,En sık kullanılan fiiller,11,catch,yakalamak,fiil,,,catches,catching,caught,düzensiz
V22,En sık kullanılan fiiller,11,throw,"atmak, fırlatmak",fiil,,,throws,throwing,threw,düzensiz
V22,En sık kullanılan fiiller,11,fly,uçmak,fiil,,,flies,flying,flew,düzensiz
V22,En sık kullanılan fiiller,11,kick,tekmelemek,fiil,,,kicks,kicking,kicked,düzenli
V22,En sık kullanılan fiiller,12,turn,dönmek,fiil,,,turns,turning,turned,düzenli
V22,En sık kullanılan fiiller,12,cross,karşıya geçmek,fiil,,,crosses,crossing,crossed,düzenli
V22,En sık kullanılan fiiller,12,follow,takip etmek,fiil,,,follows,following,followed,düzenli
V22,En sık kullanılan fiiller,12,walk,yürümek,fiil,,,walks,walking,walked,düzenli
V22,En sık kullanılan fiiller,12,stop,durmak,fiil,,,stops,stopping,stopped,düzenli
V22,En sık kullanılan fiiller,13,like,"sevmek, hoşlanmak",fiil,,,likes,liking,liked,düzenli
V22,En sık kullanılan fiiller,13,hate,nefret etmek,fiil,,,hates,hating,hated,düzenli
V22,En sık kullanılan fiiller,13,hope,ummak,fiil,,,hopes,hoping,hoped,düzenli
V22,En sık kullanılan fiiller,13,invite,davet etmek,fiil,,,invites,inviting,invited,düzenli
V22,En sık kullanılan fiiller,13,agree,katılmak (fikre),fiil,,,agrees,agreeing,agreed,düzenli
V22,En sık kullanılan fiiller,13,plan,planlamak,fiil,,,plans,planning,planned,düzenli
V22,En sık kullanılan fiiller,13,laugh,gülmek,fiil,,,laughs,laughing,laughed,düzenli
V22,En sık kullanılan fiiller,13,smile,gülümsemek,fiil,,,smiles,smiling,smiled,düzenli
V22,En sık kullanılan fiiller,14,sell,satmak,fiil,,,sells,selling,sold,düzensiz
V22,En sık kullanılan fiiller,14,spend,harcamak,fiil,,,spends,spending,spent,düzensiz
V22,En sık kullanılan fiiller,14,close,kapatmak,fiil,,,closes,closing,closed,düzenli
V22,En sık kullanılan fiiller,14,wait,beklemek,fiil,,,waits,waiting,waited,düzenli
V22,En sık kullanılan fiiller,14,pass,"geçmek, uzatmak",fiil,,,passes,passing,passed,düzenli
V22,En sık kullanılan fiiller,15,listen,dinlemek,fiil,,,listens,listening,listened,düzenli
V22,En sık kullanılan fiiller,15,hear,duymak,fiil,,,hears,hearing,heard,düzensiz
V22,En sık kullanılan fiiller,15,talk,konuşmak,fiil,,,talks,talking,talked,düzenli
V22,En sık kullanılan fiiller,15,cry,ağlamak,fiil,,,cries,crying,cried,düzenli
V22,En sık kullanılan fiiller,15,push,itmek,fiil,,,pushes,pushing,pushed,düzenli
V22,En sık kullanılan fiiller,15,pull,çekmek,fiil,,,pulls,pulling,pulled,düzenli
V22,En sık kullanılan fiiller,15,drop,düşürmek,fiil,,,drops,dropping,dropped,düzenli
V22,En sık kullanılan fiiller,15,fall,düşmek,fiil,,,falls,falling,fell,düzensiz
V22,En sık kullanılan fiiller,16,begin,başlamak,fiil,,,begins,beginning,began,düzensiz
V22,En sık kullanılan fiiller,16,move,"taşınmak, hareket etmek",fiil,,,moves,moving,moved,düzenli
V22,En sık kullanılan fiiller,16,stay,kalmak,fiil,,,stays,staying,stayed,düzenli
V22,En sık kullanılan fiiller,16,lose,kaybetmek,fiil,,,loses,losing,lost,düzensiz
V22,En sık kullanılan fiiller,16,happen,"olmak, meydana gelmek",fiil,,,happens,happening,happened,düzenli
V22,En sık kullanılan fiiller,17,remember,hatırlamak,fiil,,,remembers,remembering,remembered,düzenli
V22,En sık kullanılan fiiller,17,forget,unutmak,fiil,,,forgets,forgetting,forgot,düzensiz
V22,En sık kullanılan fiiller,17,miss,"özlemek, kaçırmak",fiil,,,misses,missing,missed,düzenli
V22,En sık kullanılan fiiller,17,try,denemek,fiil,,,tries,trying,tried,düzenli
V22,En sık kullanılan fiiller,17,let,izin vermek,fiil,,,lets,letting,let,düzensiz
